pais,ano,kilograms,dollars,nao_consta
afeganistao,1970,0,0,0
africa_do_sul,1970,0,0,0
alemanha_republica_democratica,1970,0,0,0
arabia_saudita,1970,0,0,0
argentina,1970,1530058,845068,0
australia,1970,0,0,0
belgica,1970,0,0,0
chile,1970,4000,1040,0
china,1970,0,0,0
china_continental,1970,0,0,0
cingapura,1970,0,0,0
costa_rica,1970,0,0,0
emirados,1970,0,0,0
egito,1970,0,0,0
espanha,1970,20000,9584,0
estados_unidos,1970,415210,305494,0
franca,1970,0,0,0
grecia,1970,178475,56586,0
guiana_britanica,1970,334,202,0
india,1970,0,0,0
ira,1970,0,0,0
italia,1970,33600,11396,0
japao,1970,0,0,0
mexico,1970,170172,100310,0
paises_baixos,1970,104,91,0
paraguai,1970,0,0,0
peru,1970,0,0,0
portugal,1970,0,0,0
reino_unido,1970,39,29,0
suecia,1970,12000,3866,0
turquia,1970,124832,41962,0
uruguai,1970,0,0,0
uzbequistao,1970,0,0,0
venezuela,1970,0,0,0
nao_consta_na_tabela,1970,0,0,1
outros,1970,0,0,0
afeganistao,1971,0,0,0
africa_do_sul,1971,0,0,0
alemanha_republica_democratica,1971,0,0,0
arabia_saudita,1971,0,0,0
argentina,1971,1206326,936632,0
australia,1971,0,0,0
belgica,1971,0,0,0
chile,1971,0,0,0
china,1971,0,0,0
china_continental,1971,0,0,0
cingapura,1971,0,0,0
costa_rica,1971,0,0,0
emirados,1971,0,0,0
egito,1971,0,0,0
espanha,1971,15000,14403,0
estados_unidos,1971,429346,292067,0
franca,1971,0,0,0
grecia,1971,302825,95349,0
guiana_britanica,1971,0,0,0
india,1971,0,0,0
ira,1971,0,0,0
italia,1971,27860,7104,0
japao,1971,7221,4458,0
mexico,1971,209257,129483,0
paises_baixos,1971,0,0,0
paraguai,1971,0,0,0
peru,1971,0,0,0
portugal,1971,0,0,0
reino_unido,1971,211,174,0
suecia,1971,0,0,0
turquia,1971,306025,88018,0
uruguai,1971,0,0,0
uzbequistao,1971,0,0,0
venezuela,1971,0,0,0
nao_consta_na_tabela,1971,0,0,1
outros,1971,0,0,0
afeganistao,1972,0,0,0
africa_do_sul,1972,0,0,0
alemanha_republica_democratica,1972,3000,3366,0
arabia_saudita,1972,0,0,0
argentina,1972,1047482,981648,0
australia,1972,89025,52819,0
belgica,1972,0,0,0
chile,1972,0,0,0
china,1972,0,0,0
china_continental,1972,0,0,0
cingapura,1972,0,0,0
costa_rica,1972,0,0,0
emirados,1972,0,0,0
egito,1972,0,0,0
espanha,1972,57208,59951,0
estados_unidos,1972,411443,456999,0
franca,1972,0,0,0
grecia,1972,369763,134178,0
guiana_britanica,1972,0,0,0
india,1972,0,0,0
ira,1972,0,0,0
italia,1972,70000,20790,0
japao,1972,0,0,0
mexico,1972,150827,120736,0
paises_baixos,1972,0,0,0
paraguai,1972,0,0,0
peru,1972,0,0,0
portugal,1972,0,0,0
reino_unido,1972,276,249,0
suecia,1972,0,0,0
turquia,1972,556402,169087,0
uruguai,1972,0,0,0
uzbequistao,1972,0,0,0
venezuela,1972,0,0,0
nao_consta_na_tabela,1972,0,0,1
outros,1972,0,0,0
afeganistao,1973,0,0,0
africa_do_sul,1973,0,0,0
alemanha_republica_democratica,1973,0,0,0
arabia_saudita,1973,0,0,0
argentina,1973,1277380,1848195,0
australia,1973,0,0,0
belgica,1973,0,0,0
chile,1973,59747,66242,0
china,1973,0,0,0
china_continental,1973,25000,5210,0
cingapura,1973,0,0,0
costa_rica,1973,0,0,0
emirados,1973,0,0,0
egito,1973,0,0,0
espanha,1973,144000,170234,0
estados_unidos,1973,538195,700181,0
franca,1973,0,0,0
grecia,1973,132420,180586,0
guiana_britanica,1973,0,0,0
india,1973,0,0,0
ira,1973,0,0,0
italia,1973,59136,25428,0
japao,1973,0,0,0
mexico,1973,28906,24653,0
paises_baixos,1973,0,0,0
paraguai,1973,0,0,0
peru,1973,0,0,0
portugal,1973,0,0,0
reino_unido,1973,0,0,0
suecia,1973,0,0,0
turquia,1973,324242,276922,0
uruguai,1973,0,0,0
uzbequistao,1973,0,0,0
venezuela,1973,256,686,0
nao_consta_na_tabela,1973,0,0,1
outros,1973,0,0,0
afeganistao,1974,0,0,0
africa_do_sul,1974,0,0,0
alemanha_republica_democratica,1974,0,0,0
arabia_saudita,1974,0,0,0
argentina,1974,1004987,1154210,0
australia,1974,88754,88567,0
belgica,1974,0,0,0
chile,1974,0,0,0
china,1974,0,0,0
china_continental,1974,0,0,0
cingapura,1974,0,0,0
costa_rica,1974,0,0,0
emirados,1974,0,0,0
egito,1974,0,0,0
espanha,1974,9500,14640,0
estados_unidos,1974,953941,1447142,0
franca,1974,0,0,0
grecia,1974,139103,149364,0
guiana_britanica,1974,0,0,0
india,1974,0,0,0
ira,1974,0,0,0
italia,1974,69650,41790,0
japao,1974,0,0,0
mexico,1974,40000,60896,0
paises_baixos,1974,0,0,0
paraguai,1974,0,0,0
peru,1974,0,0,0
portugal,1974,0,0,0
reino_unido,1974,0,0,0
suecia,1974,0,0,0
turquia,1974,116338,118050,0
uruguai,1974,0,0,0
uzbequistao,1974,0,0,0
venezuela,1974,561,1236,0
nao_consta_na_tabela,1974,0,0,1
outros,1974,0,0,0
afeganistao,1975,0,0,0
africa_do_sul,1975,72000,54360,0
alemanha_republica_democratica,1975,29988,2283,0
arabia_saudita,1975,0,0,0
argentina,1975,1583972,1142114,0
australia,1975,66750,59852,0
belgica,1975,0,0,0
chile,1975,555818,714754,0
china,1975,0,0,0
china_continental,1975,0,0,0
cingapura,1975,0,0,0
costa_rica,1975,0,0,0
emirados,1975,0,0,0
egito,1975,0,0,0
espanha,1975,7500,15495,0
estados_unidos,1975,494268,674204,0
franca,1975,0,0,0
grecia,1975,28335,22989,0
guiana_britanica,1975,0,0,0
india,1975,0,0,0
ira,1975,5,0,0
italia,1975,150000,80854,0
japao,1975,0,0,0
mexico,1975,234900,293712,0
paises_baixos,1975,0,0,0
paraguai,1975,20000,12000,0
peru,1975,0,0,0
portugal,1975,0,0,0
reino_unido,1975,0,0,0
suecia,1975,0,0,0
turquia,1975,7000,4571,0
uruguai,1975,0,0,0
uzbequistao,1975,0,0,0
venezuela,1975,2240,6252,0
nao_consta_na_tabela,1975,0,0,1
outros,1975,0,0,0
afeganistao,1976,0,0,0
africa_do_sul,1976,0,0,0
alemanha_republica_democratica,1976,0,0,0
arabia_saudita,1976,0,0,0
argentina,1976,2731566,2573741,0
australia,1976,0,0,0
belgica,1976,0,0,0
chile,1976,582102,643686,0
china,1976,0,0,0
china_continental,1976,0,0,0
cingapura,1976,0,0,0
costa_rica,1976,0,0,0
emirados,1976,0,0,0
egito,1976,0,0,0
espanha,1976,2000,5320,0
estados_unidos,1976,25285,46885,0
franca,1976,0,0,0
grecia,1976,0,0,0
guiana_britanica,1976,0,0,0
india,1976,0,0,0
ira,1976,0,0,0
italia,1976,0,0,0
japao,1976,0,0,0
mexico,1976,172500,203960,0
paises_baixos,1976,12000,1038,0
paraguai,1976,0,0,0
peru,1976,0,0,0
portugal,1976,0,0,0
reino_unido,1976,0,0,0
suecia,1976,0,0,0
turquia,1976,0,0,0
uruguai,1976,0,0,0
uzbequistao,1976,0,0,0
venezuela,1976,270,817,0
nao_consta_na_tabela,1976,0,0,1
outros,1976,0,0,0
afeganistao,1977,0,0,0
africa_do_sul,1977,0,0,0
alemanha_republica_democratica,1977,0,0,0
arabia_saudita,1977,0,0,0
argentina,1977,2549687,2663929,0
australia,1977,0,0,0
belgica,1977,0,0,0
chile,1977,670742,1052119,0
china,1977,0,0,0
china_continental,1977,0,0,0
cingapura,1977,0,0,0
costa_rica,1977,0,0,0
emirados,1977,0,0,0
egito,1977,0,0,0
espanha,1977,0,0,0
estados_unidos,1977,171998,378357,0
franca,1977,0,0,0
grecia,1977,20000,23500,0
guiana_britanica,1977,0,0,0
india,1977,0,0,0
ira,1977,0,0,0
italia,1977,0,0,0
japao,1977,0,0,0
mexico,1977,686190,990436,0
paises_baixos,1977,0,0,0
paraguai,1977,0,0,0
peru,1977,0,0,0
portugal,1977,0,0,0
reino_unido,1977,0,0,0
suecia,1977,0,0,0
turquia,1977,0,0,0
uruguai,1977,0,0,0
uzbequistao,1977,0,0,0
venezuela,1977,0,0,0
nao_consta_na_tabela,1977,0,0,1
outros,1977,0,0,0
afeganistao,1978,0,0,0
africa_do_sul,1978,0,0,0
alemanha_republica_democratica,1978,0,0,0
arabia_saudita,1978,0,0,0
argentina,1978,2385266,2683017,0
australia,1978,0,0,0
belgica,1978,0,0,0
chile,1978,756026,1278523,0
china,1978,0,0,0
china_continental,1978,0,0,0
cingapura,1978,0,0,0
costa_rica,1978,0,0,0
emirados,1978,0,0,0
egito,1978,0,0,0
espanha,1978,3000,10850,0
estados_unidos,1978,102285,251489,0
franca,1978,0,0,0
grecia,1978,12500,12812,0
guiana_britanica,1978,0,0,0
india,1978,0,0,0
ira,1978,0,0,0
italia,1978,0,0,0
japao,1978,0,0,0
mexico,1978,778330,1154578,0
paises_baixos,1978,0,0,0
paraguai,1978,0,0,0
peru,1978,0,0,0
portugal,1978,0,0,0
reino_unido,1978,0,0,0
suecia,1978,0,0,0
turquia,1978,0,0,0
uruguai,1978,0,0,0
uzbequistao,1978,0,0,0
venezuela,1978,0,0,0
nao_consta_na_tabela,1978,0,0,1
outros,1978,0,0,0
afeganistao,1979,0,0,0
africa_do_sul,1979,0,0,0
alemanha_republica_democratica,1979,0,0,0
arabia_saudita,1979,0,0,0
argentina,1979,1527094,3998797,0
australia,1979,0,0,0
belgica,1979,0,0,0
chile,1979,1088002,2567693,0
china,1979,0,0,0
china_continental,1979,0,0,0
cingapura,1979,0,0,0
costa_rica,1979,0,0,0
emirados,1979,0,0,0
egito,1979,0,0,0
espanha,1979,1680,7056,0
estados_unidos,1979,53591,227326,0
franca,1979,0,0,0
grecia,1979,25000,36813,0
guiana_britanica,1979,0,0,0
india,1979,0,0,0
ira,1979,0,0,0
italia,1979,0,0,0
japao,1979,0,0,0
mexico,1979,1126710,2530026,0
paises_baixos,1979,0,0,0
paraguai,1979,0,0,0
peru,1979,0,0,0
portugal,1979,0,0,0
reino_unido,1979,0,0,0
suecia,1979,0,0,0
turquia,1979,0,0,0
uruguai,1979,0,0,0
uzbequistao,1979,0,0,0
venezuela,1979,0,0,0
nao_consta_na_tabela,1979,0,0,1
outros,1979,0,0,0
afeganistao,1980,0,0,0
africa_do_sul,1980,0,0,0
alemanha_republica_democratica,1980,0,0,0
arabia_saudita,1980,0,0,0
argentina,1980,1586137,3707049,0
australia,1980,0,0,0
belgica,1980,0,0,0
chile,1980,484040,1100566,0
china,1980,0,0,0
china_continental,1980,0,0,0
cingapura,1980,0,0,0
costa_rica,1980,0,0,0
emirados,1980,0,0,0
egito,1980,0,0,0
espanha,1980,0,0,0
estados_unidos,1980,148029,387349,0
franca,1980,0,0,0
grecia,1980,25000,50563,0
guiana_britanica,1980,0,0,0
india,1980,0,0,0
ira,1980,0,0,0
italia,1980,0,0,0
japao,1980,0,0,0
mexico,1980,1336070,2674311,0
paises_baixos,1980,0,0,0
paraguai,1980,0,0,0
peru,1980,0,0,0
portugal,1980,0,0,0
reino_unido,1980,0,0,0
suecia,1980,0,0,0
turquia,1980,7000,11885,0
uruguai,1980,0,0,0
uzbequistao,1980,0,0,0
venezuela,1980,0,0,0
nao_consta_na_tabela,1980,0,0,1
outros,1980,0,0,0
afeganistao,1981,0,0,0
africa_do_sul,1981,0,0,0
alemanha_republica_democratica,1981,0,0,0
arabia_saudita,1981,0,0,0
argentina,1981,1558200,1937074,0
australia,1981,0,0,0
belgica,1981,0,0,0
chile,1981,327662,647273,0
china,1981,0,0,0
china_continental,1981,0,0,0
cingapura,1981,0,0,0
costa_rica,1981,0,0,0
emirados,1981,0,0,0
egito,1981,0,0,0
espanha,1981,0,0,0
estados_unidos,1981,126804,326790,0
franca,1981,0,0,0
grecia,1981,0,0,0
guiana_britanica,1981,0,0,0
india,1981,0,0,0
ira,1981,0,0,0
italia,1981,0,0,0
japao,1981,0,0,0
mexico,1981,1228260,2382306,0
paises_baixos,1981,0,0,0
paraguai,1981,0,0,0
peru,1981,0,0,0
portugal,1981,0,0,0
reino_unido,1981,0,0,0
suecia,1981,0,0,0
turquia,1981,0,0,0
uruguai,1981,0,0,0
uzbequistao,1981,0,0,0
venezuela,1981,0,0,0
nao_consta_na_tabela,1981,0,0,1
outros,1981,0,0,0
afeganistao,1982,0,0,0
africa_do_sul,1982,0,0,0
alemanha_republica_democratica,1982,0,0,0
arabia_saudita,1982,0,0,0
argentina,1982,1875664,1739134,0
australia,1982,0,0,0
belgica,1982,0,0,0
chile,1982,961997,1572341,0
china,1982,0,0,0
china_continental,1982,0,0,0
cingapura,1982,0,0,0
costa_rica,1982,0,0,0
emirados,1982,0,0,0
egito,1982,0,0,0
espanha,1982,0,0,0
estados_unidos,1982,140722,266479,0
franca,1982,0,0,0
grecia,1982,0,0,0
guiana_britanica,1982,0,0,0
india,1982,0,0,0
ira,1982,0,0,0
italia,1982,0,0,0
japao,1982,0,0,0
mexico,1982,1214593,2115847,0
paises_baixos,1982,0,0,0
paraguai,1982,0,0,0
peru,1982,0,0,0
portugal,1982,0,0,0
reino_unido,1982,0,0,0
suecia,1982,0,0,0
turquia,1982,58996,74610,0
uruguai,1982,0,0,0
uzbequistao,1982,0,0,0
venezuela,1982,0,0,0
nao_consta_na_tabela,1982,0,0,1
outros,1982,0,0,0
afeganistao,1983,0,0,0
africa_do_sul,1983,0,0,0
alemanha_republica_democratica,1983,0,0,0
arabia_saudita,1983,0,0,0
argentina,1983,2238826,1476166,0
australia,1983,0,0,0
belgica,1983,0,0,0
chile,1983,1258680,1527431,0
china,1983,0,0,0
china_continental,1983,0,0,0
cingapura,1983,0,0,0
costa_rica,1983,0,0,0
emirados,1983,0,0,0
egito,1983,0,0,0
espanha,1983,0,0,0
estados_unidos,1983,329134,395315,0
franca,1983,0,0,0
grecia,1983,0,0,0
guiana_britanica,1983,0,0,0
india,1983,0,0,0
ira,1983,0,0,0
italia,1983,0,0,0
japao,1983,0,0,0
mexico,1983,1485417,1944974,0
paises_baixos,1983,0,0,0
paraguai,1983,0,0,0
peru,1983,0,0,0
portugal,1983,0,0,0
reino_unido,1983,0,0,0
suecia,1983,0,0,0
turquia,1983,0,0,0
uruguai,1983,0,0,0
uzbequistao,1983,0,0,0
venezuela,1983,0,0,0
nao_consta_na_tabela,1983,0,0,1
outros,1983,0,0,0
afeganistao,1984,0,0,0
africa_do_sul,1984,0,0,0
alemanha_republica_democratica,1984,0,0,0
arabia_saudita,1984,0,0,0
argentina,1984,1662475,1626556,0
australia,1984,0,0,0
belgica,1984,0,0,0
chile,1984,1100570,1051746,0
china,1984,0,0,0
china_continental,1984,0,0,0
cingapura,1984,0,0,0
costa_rica,1984,0,0,0
emirados,1984,0,0,0
egito,1984,0,0,0
espanha,1984,0,0,0
estados_unidos,1984,128745,132786,0
franca,1984,0,0,0
grecia,1984,0,0,0
guiana_britanica,1984,0,0,0
india,1984,0,0,0
ira,1984,0,0,0
italia,1984,0,0,0
japao,1984,0,0,0
mexico,1984,520390,578989,0
paises_baixos,1984,0,0,0
paraguai,1984,0,0,0
peru,1984,0,0,0
portugal,1984,0,0,0
reino_unido,1984,0,0,0
suecia,1984,0,0,0
turquia,1984,85288,65951,0
uruguai,1984,0,0,0
uzbequistao,1984,0,0,0
venezuela,1984,0,0,0
nao_consta_na_tabela,1984,0,0,1
outros,1984,0,0,0
afeganistao,1985,0,0,0
africa_do_sul,1985,0,0,0
alemanha_republica_democratica,1985,0,0,0
arabia_saudita,1985,0,0,0
argentina,1985,1519220,1420332,0
australia,1985,0,0,0
belgica,1985,0,0,0
chile,1985,1730970,1608648,0
china,1985,0,0,0
china_continental,1985,0,0,0
cingapura,1985,0,0,0
costa_rica,1985,0,0,0
emirados,1985,0,0,0
egito,1985,0,0,0
espanha,1985,0,0,0
estados_unidos,1985,157087,165238,0
franca,1985,0,0,0
grecia,1985,0,0,0
guiana_britanica,1985,0,0,0
india,1985,0,0,0
ira,1985,0,0,0
italia,1985,0,0,0
japao,1985,0,0,0
mexico,1985,1194306,1202597,0
paises_baixos,1985,0,0,0
paraguai,1985,0,0,0
peru,1985,0,0,0
portugal,1985,0,0,0
reino_unido,1985,0,0,0
suecia,1985,0,0,0
turquia,1985,60120,48212,0
uruguai,1985,0,0,0
uzbequistao,1985,0,0,0
venezuela,1985,0,0,0
nao_consta_na_tabela,1985,0,0,1
outros,1985,0,0,0
afeganistao,1986,0,0,0
africa_do_sul,1986,0,0,0
alemanha_republica_democratica,1986,0,0,0
arabia_saudita,1986,0,0,0
argentina,1986,2116776,2515764,0
australia,1986,0,0,0
belgica,1986,0,0,0
chile,1986,2792410,2668045,0
china,1986,0,0,0
china_continental,1986,0,0,0
cingapura,1986,0,0,0
costa_rica,1986,0,0,0
emirados,1986,0,0,0
egito,1986,0,0,0
espanha,1986,0,0,0
estados_unidos,1986,672895,991667,0
franca,1986,0,0,0
grecia,1986,0,0,0
guiana_britanica,1986,0,0,0
india,1986,0,0,0
ira,1986,0,0,0
italia,1986,0,0,0
japao,1986,0,0,0
mexico,1986,1164262,1113425,0
paises_baixos,1986,0,0,0
paraguai,1986,0,0,0
peru,1986,0,0,0
portugal,1986,0,0,0
reino_unido,1986,0,0,0
suecia,1986,0,0,0
turquia,1986,1102260,859244,0
uruguai,1986,0,0,0
uzbequistao,1986,0,0,0
venezuela,1986,0,0,0
nao_consta_na_tabela,1986,0,0,1
outros,1986,0,0,0
afeganistao,1987,0,0,0
africa_do_sul,1987,0,0,0
alemanha_republica_democratica,1987,0,0,0
arabia_saudita,1987,0,0,0
argentina,1987,3011500,2988697,0
australia,1987,0,0,0
belgica,1987,0,0,0
chile,1987,2810680,2854162,0
china,1987,0,0,0
china_continental,1987,0,0,0
cingapura,1987,0,0,0
costa_rica,1987,0,0,0
emirados,1987,0,0,0
egito,1987,0,0,0
espanha,1987,0,0,0
estados_unidos,1987,117167,178174,0
franca,1987,0,0,0
grecia,1987,0,0,0
guiana_britanica,1987,0,0,0
india,1987,0,0,0
ira,1987,0,0,0
italia,1987,0,0,0
japao,1987,0,0,0
mexico,1987,1180260,1246750,0
paises_baixos,1987,0,0,0
paraguai,1987,0,0,0
peru,1987,0,0,0
portugal,1987,0,0,0
reino_unido,1987,0,0,0
suecia,1987,0,0,0
turquia,1987,189140,151522,0
uruguai,1987,0,0,0
uzbequistao,1987,0,0,0
venezuela,1987,0,0,0
nao_consta_na_tabela,1987,0,0,1
outros,1987,0,0,0
afeganistao,1988,0,0,0
africa_do_sul,1988,0,0,0
alemanha_republica_democratica,1988,0,0,0
arabia_saudita,1988,0,0,0
argentina,1988,7894789,7741832,0
australia,1988,0,0,0
belgica,1988,0,0,0
chile,1988,2747990,2277103,0
china,1988,0,0,0
china_continental,1988,0,0,0
cingapura,1988,0,0,0
costa_rica,1988,0,0,0
emirados,1988,0,0,0
egito,1988,0,0,0
espanha,1988,0,0,0
estados_unidos,1988,161093,268528,0
franca,1988,0,0,0
grecia,1988,0,0,0
guiana_britanica,1988,0,0,0
india,1988,0,0,0
ira,1988,0,0,0
italia,1988,0,0,0
japao,1988,0,0,0
mexico,1988,194910,223533,0
paises_baixos,1988,0,0,0
paraguai,1988,0,0,0
peru,1988,0,0,0
portugal,1988,0,0,0
reino_unido,1988,0,0,0
suecia,1988,0,0,0
turquia,1988,1000,1225,0
uruguai,1988,0,0,0
uzbequistao,1988,0,0,0
venezuela,1988,0,0,0
nao_consta_na_tabela,1988,0,0,1
outros,1988,0,0,0
afeganistao,1989,0,0,0
africa_do_sul,1989,0,0,0
alemanha_republica_democratica,1989,0,0,0
arabia_saudita,1989,0,0,0
argentina,1989,6392930,6765394,0
australia,1989,0,0,0
belgica,1989,0,0,0
chile,1989,5592520,5272318,0
china,1989,0,0,0
china_continental,1989,0,0,0
cingapura,1989,0,0,0
costa_rica,1989,0,0,0
emirados,1989,0,0,0
egito,1989,0,0,0
espanha,1989,0,0,0
estados_unidos,1989,196634,331736,0
franca,1989,0,0,0
grecia,1989,0,0,0
guiana_britanica,1989,0,0,0
india,1989,0,0,0
ira,1989,0,0,0
italia,1989,0,0,0
japao,1989,0,0,0
mexico,1989,585700,807367,0
paises_baixos,1989,0,0,0
paraguai,1989,0,0,0
peru,1989,0,0,0
portugal,1989,0,0,0
reino_unido,1989,0,0,0
suecia,1989,0,0,0
turquia,1989,55300,57715,0
uruguai,1989,0,0,0
uzbequistao,1989,0,0,0
venezuela,1989,0,0,0
nao_consta_na_tabela,1989,0,0,1
outros,1989,0,0,0
afeganistao,1990,0,0,0
africa_do_sul,1990,0,0,0
alemanha_republica_democratica,1990,0,0,0
arabia_saudita,1990,0,0,0
argentina,1990,3758190,3641098,0
australia,1990,0,0,0
belgica,1990,0,0,0
chile,1990,3431648,3543179,0
china,1990,0,0,0
china_continental,1990,0,0,0
cingapura,1990,0,0,0
costa_rica,1990,0,0,0
emirados,1990,0,0,0
egito,1990,0,0,0
espanha,1990,0,0,0
estados_unidos,1990,167980,337966,0
franca,1990,0,0,0
grecia,1990,0,0,0
guiana_britanica,1990,0,0,0
india,1990,0,0,0
ira,1990,0,0,0
italia,1990,0,0,0
japao,1990,0,0,0
mexico,1990,420100,623068,0
paises_baixos,1990,0,0,0
paraguai,1990,0,0,0
peru,1990,0,0,0
portugal,1990,0,0,0
reino_unido,1990,0,0,0
suecia,1990,0,0,0
turquia,1990,4900,6860,0
uruguai,1990,0,0,0
uzbequistao,1990,0,0,0
venezuela,1990,0,0,0
nao_consta_na_tabela,1990,0,0,1
outros,1990,0,0,0
afeganistao,1991,0,0,0
africa_do_sul,1991,0,0,0
alemanha_republica_democratica,1991,0,0,0
arabia_saudita,1991,0,0,0
argentina,1991,4726726,4931971,0
australia,1991,0,0,0
belgica,1991,0,0,0
chile,1991,5372062,5582460,0
china,1991,0,0,0
china_continental,1991,0,0,0
cingapura,1991,0,0,0
costa_rica,1991,0,0,0
emirados,1991,0,0,0
egito,1991,0,0,0
espanha,1991,0,0,0
estados_unidos,1991,135629,210446,0
franca,1991,0,0,0
grecia,1991,0,0,0
guiana_britanica,1991,0,0,0
india,1991,0,0,0
ira,1991,18500,17740,0
italia,1991,0,0,0
japao,1991,0,0,0
mexico,1991,353640,533265,0
paises_baixos,1991,0,0,0
paraguai,1991,0,0,0
peru,1991,0,0,0
portugal,1991,0,0,0
reino_unido,1991,0,0,0
suecia,1991,0,0,0
turquia,1991,36800,40816,0
uruguai,1991,0,0,0
uzbequistao,1991,0,0,0
venezuela,1991,0,0,0
nao_consta_na_tabela,1991,0,0,1
outros,1991,0,0,0
afeganistao,1992,0,0,0
africa_do_sul,1992,0,0,0
alemanha_republica_democratica,1992,0,0,0
arabia_saudita,1992,0,0,0
argentina,1992,3061443,4023359,0
australia,1992,0,0,0
belgica,1992,0,0,0
chile,1992,3149429,3817499,0
china,1992,0,0,0
china_continental,1992,0,0,0
cingapura,1992,0,0,0
costa_rica,1992,0,0,0
emirados,1992,196800,200604,0
egito,1992,0,0,0
espanha,1992,0,0,0
estados_unidos,1992,320890,457440,0
franca,1992,0,0,0
grecia,1992,154975,160597,0
guiana_britanica,1992,0,0,0
india,1992,0,0,0
ira,1992,17800,24319,0
italia,1992,0,0,0
japao,1992,0,0,0
mexico,1992,251100,371880,0
paises_baixos,1992,0,0,0
paraguai,1992,0,0,0
peru,1992,0,0,0
portugal,1992,0,0,0
reino_unido,1992,0,0,0
suecia,1992,0,0,0
turquia,1992,435600,412348,0
uruguai,1992,0,0,0
uzbequistao,1992,0,0,0
venezuela,1992,0,0,0
nao_consta_na_tabela,1992,0,0,1
outros,1992,0,0,0
afeganistao,1993,0,0,0
africa_do_sul,1993,0,0,0
alemanha_republica_democratica,1993,0,0,0
arabia_saudita,1993,0,0,0
argentina,1993,1772727,3079487,0
australia,1993,0,0,0
belgica,1993,0,0,0
chile,1993,4604409,5788115,0
china,1993,0,0,0
china_continental,1993,0,0,0
cingapura,1993,0,0,0
costa_rica,1993,0,0,0
emirados,1993,0,0,0
egito,1993,0,0,0
espanha,1993,0,0,0
estados_unidos,1993,772669,1214020,0
franca,1993,0,0,0
grecia,1993,54000,56960,0
guiana_britanica,1993,0,0,0
india,1993,0,0,0
ira,1993,586390,642149,0
italia,1993,0,0,0
japao,1993,0,0,0
mexico,1993,637474,894588,0
paises_baixos,1993,0,0,0
paraguai,1993,0,0,0
peru,1993,0,0,0
portugal,1993,0,0,0
reino_unido,1993,0,0,0
suecia,1993,0,0,0
turquia,1993,593460,591601,0
uruguai,1993,0,0,0
uzbequistao,1993,0,0,0
venezuela,1993,1000,200,0
nao_consta_na_tabela,1993,0,0,1
outros,1993,51,50,0
afeganistao,1994,0,0,0
africa_do_sul,1994,0,0,0
alemanha_republica_democratica,1994,3,8,0
arabia_saudita,1994,0,0,0
argentina,1994,4433113,5435003,0
australia,1994,0,0,0
belgica,1994,0,0,0
chile,1994,6568978,7727671,0
china,1994,0,0,0
china_continental,1994,0,0,0
cingapura,1994,0,0,0
costa_rica,1994,0,0,0
emirados,1994,36000,36181,0
egito,1994,0,0,0
espanha,1994,0,0,0
estados_unidos,1994,832061,1241890,0
franca,1994,0,0,0
grecia,1994,81012,101264,0
guiana_britanica,1994,0,0,0
india,1994,0,0,0
ira,1994,1013544,872062,0
italia,1994,0,0,0
japao,1994,0,0,0
mexico,1994,351600,529428,0
paises_baixos,1994,0,0,0
paraguai,1994,22000,27500,0
peru,1994,0,0,0
portugal,1994,0,0,0
reino_unido,1994,0,0,0
suecia,1994,0,0,0
turquia,1994,975130,842411,0
uruguai,1994,0,0,0
uzbequistao,1994,0,0,0
venezuela,1994,130,110,0
nao_consta_na_tabela,1994,0,0,1
outros,1994,102,150,0
afeganistao,1995,0,0,0
africa_do_sul,1995,0,0,0
alemanha_republica_democratica,1995,12,22,0
arabia_saudita,1995,0,0,0
argentina,1995,4172453,4708913,0
australia,1995,0,0,0
belgica,1995,0,0,0
chile,1995,32331682,9055566,0
china,1995,0,0,0
china_continental,1995,41,39,0
cingapura,1995,0,0,0
costa_rica,1995,0,0,0
emirados,1995,49580,53853,0
egito,1995,0,0,0
espanha,1995,3222,8090,0
estados_unidos,1995,643784,990177,0
franca,1995,20,7,0
grecia,1995,21220,27337,0
guiana_britanica,1995,0,0,0
india,1995,0,0,0
ira,1995,369269,394150,0
italia,1995,0,0,0
japao,1995,0,0,0
mexico,1995,749518,938320,0
paises_baixos,1995,0,0,0
paraguai,1995,0,0,0
peru,1995,0,0,0
portugal,1995,0,0,0
reino_unido,1995,0,0,0
suecia,1995,0,0,0
turquia,1995,158550,170454,0
uruguai,1995,0,0,0
uzbequistao,1995,0,0,0
venezuela,1995,3015,1473,0
nao_consta_na_tabela,1995,0,0,1
outros,1995,40054,24077,0
afeganistao,1996,0,0,0
africa_do_sul,1996,0,0,0
alemanha_republica_democratica,1996,29,31,0
arabia_saudita,1996,0,0,0
argentina,1996,7103048,8416185,0
australia,1996,0,0,0
belgica,1996,0,0,0
chile,1996,6036433,8191108,0
china,1996,0,0,0
china_continental,1996,0,0,0
cingapura,1996,0,0,0
costa_rica,1996,0,0,0
emirados,1996,31250,53081,0
egito,1996,0,0,0
espanha,1996,338,1158,0
estados_unidos,1996,732591,1405841,0
franca,1996,49,386,0
grecia,1996,19000,27170,0
guiana_britanica,1996,0,0,0
india,1996,0,0,0
ira,1996,34000,44200,0
italia,1996,0,0,0
japao,1996,0,0,0
mexico,1996,269500,311525,0
paises_baixos,1996,0,0,0
paraguai,1996,0,0,0
peru,1996,0,0,0
portugal,1996,0,0,0
reino_unido,1996,0,0,0
suecia,1996,0,0,0
turquia,1996,615150,649499,0
uruguai,1996,0,0,0
uzbequistao,1996,0,0,0
venezuela,1996,1210,437,0
nao_consta_na_tabela,1996,2,9,1
outros,1996,75,459,0
afeganistao,1997,0,0,0
africa_do_sul,1997,15253,29681,0
alemanha_republica_democratica,1997,95005,107123,0
arabia_saudita,1997,0,0,0
argentina,1997,5673231,8436301,0
australia,1997,0,0,0
belgica,1997,0,0,0
chile,1997,3882680,6518525,0
china,1997,0,0,0
china_continental,1997,0,0,0
cingapura,1997,0,0,0
costa_rica,1997,0,0,0
emirados,1997,89820,103183,0
egito,1997,0,0,0
espanha,1997,6000,23763,0
estados_unidos,1997,1397848,2457078,0
franca,1997,0,0,0
grecia,1997,459500,499383,0
guiana_britanica,1997,0,0,0
india,1997,0,0,0
ira,1997,226480,224265,0
italia,1997,40320,43142,0
japao,1997,0,0,0
mexico,1997,183000,308985,0
paises_baixos,1997,0,0,0
paraguai,1997,0,0,0
peru,1997,0,0,0
portugal,1997,0,0,0
reino_unido,1997,0,0,0
suecia,1997,0,0,0
turquia,1997,4342570,4854419,0
uruguai,1997,0,0,0
uzbequistao,1997,0,0,0
venezuela,1997,750,283,0
nao_consta_na_tabela,1997,0,0,1
outros,1997,5475,10518,0
afeganistao,1998,0,0,0
africa_do_sul,1998,178585,341606,0
alemanha_republica_democratica,1998,143,101,0
arabia_saudita,1998,0,0,0
argentina,1998,4237403,6256924,0
australia,1998,0,0,0
belgica,1998,0,0,0
chile,1998,4033736,6056881,0
china,1998,0,0,0
china_continental,1998,0,0,0
cingapura,1998,0,0,0
costa_rica,1998,0,0,0
emirados,1998,17420,26546,0
egito,1998,0,0,0
espanha,1998,6004,25691,0
estados_unidos,1998,1306508,2037588,0
franca,1998,19510,33593,0
grecia,1998,138000,151548,0
guiana_britanica,1998,0,0,0
india,1998,0,0,0
ira,1998,16500,23475,0
italia,1998,0,0,0
japao,1998,0,0,0
mexico,1998,156160,219099,0
paises_baixos,1998,0,0,0
paraguai,1998,0,0,0
peru,1998,0,0,0
portugal,1998,0,0,0
reino_unido,1998,0,0,0
suecia,1998,0,0,0
turquia,1998,5336758,5591214,0
uruguai,1998,0,0,0
uzbequistao,1998,0,0,0
venezuela,1998,40,14,0
nao_consta_na_tabela,1998,0,0,1
outros,1998,0,0,0
afeganistao,1999,0,0,0
africa_do_sul,1999,66912,123771,0
alemanha_republica_democratica,1999,0,0,0
arabia_saudita,1999,0,0,0
argentina,1999,3438508,4855950,0
australia,1999,0,0,0
belgica,1999,0,0,0
chile,1999,3853245,5815682,0
china,1999,0,0,0
china_continental,1999,0,0,0
cingapura,1999,0,0,0
costa_rica,1999,0,0,0
emirados,1999,0,0,0
egito,1999,0,0,0
espanha,1999,288,1080,0
estados_unidos,1999,514513,1094056,0
franca,1999,0,0,0
grecia,1999,91000,130910,0
guiana_britanica,1999,0,0,0
india,1999,0,0,0
ira,1999,1128400,1329891,0
italia,1999,0,0,0
japao,1999,0,0,0
mexico,1999,96000,137957,0
paises_baixos,1999,0,0,0
paraguai,1999,0,0,0
peru,1999,0,0,0
portugal,1999,0,0,0
reino_unido,1999,0,0,0
suecia,1999,0,0,0
turquia,1999,6792500,6548193,0
uruguai,1999,0,0,0
uzbequistao,1999,0,0,0
venezuela,1999,0,0,0
nao_consta_na_tabela,1999,0,0,1
outros,1999,35150,46985,0
afeganistao,2000,0,0,0
africa_do_sul,2000,35617,54452,0
alemanha_republica_democratica,2000,0,0,0
arabia_saudita,2000,0,0,0
argentina,2000,3367629,3886025,0
australia,2000,0,0,0
belgica,2000,0,0,0
chile,2000,4909468,5801413,0
china,2000,0,0,0
china_continental,2000,0,0,0
cingapura,2000,0,0,0
costa_rica,2000,0,0,0
emirados,2000,17500,16119,0
egito,2000,0,0,0
espanha,2000,303,1096,0
estados_unidos,2000,573211,1123705,0
franca,2000,0,0,0
grecia,2000,0,0,0
guiana_britanica,2000,0,0,0
india,2000,0,0,0
ira,2000,700130,773013,0
italia,2000,0,0,0
japao,2000,0,0,0
mexico,2000,17500,32538,0
paises_baixos,2000,0,0,0
paraguai,2000,0,0,0
peru,2000,0,0,0
portugal,2000,0,0,0
reino_unido,2000,0,0,0
suecia,2000,0,0,0
turquia,2000,5268800,4496527,0
uruguai,2000,0,0,0
uzbequistao,2000,0,0,0
venezuela,2000,0,0,0
nao_consta_na_tabela,2000,0,0,1
outros,2000,38375,45483,0
afeganistao,2001,0,0,0
africa_do_sul,2001,152070,190827,0
alemanha_republica_democratica,2001,0,0,0
arabia_saudita,2001,0,0,0
argentina,2001,2634368,2444780,0
australia,2001,0,0,0
belgica,2001,102625,55359,0
chile,2001,3223998,3319107,0
china,2001,0,0,0
china_continental,2001,0,0,0
cingapura,2001,0,0,0
costa_rica,2001,0,0,0
emirados,2001,36000,23190,0
egito,2001,0,0,0
espanha,2001,0,0,0
estados_unidos,2001,487549,773763,0
franca,2001,0,0,0
grecia,2001,0,0,0
guiana_britanica,2001,0,0,0
india,2001,0,0,0
ira,2001,1353836,780010,0
italia,2001,0,0,0
japao,2001,0,0,0
mexico,2001,0,0,0
paises_baixos,2001,0,0,0
paraguai,2001,0,0,0
peru,2001,0,0,0
portugal,2001,0,0,0
reino_unido,2001,0,0,0
suecia,2001,0,0,0
turquia,2001,8413300,4646072,0
uruguai,2001,0,0,0
uzbequistao,2001,0,0,0
venezuela,2001,0,0,0
nao_consta_na_tabela,2001,0,0,1
outros,2001,3967,4363,0
afeganistao,2002,0,0,0
africa_do_sul,2002,88885,103632,0
alemanha_republica_democratica,2002,0,0,0
arabia_saudita,2002,0,0,0
argentina,2002,10502997,7213368,0
australia,2002,0,0,0
belgica,2002,20750,17563,0
chile,2002,1108017,1020342,0
china,2002,0,0,0
china_continental,2002,0,0,0
cingapura,2002,0,0,0
costa_rica,2002,0,0,0
emirados,2002,18000,22750,0
egito,2002,0,0,0
espanha,2002,0,0,0
estados_unidos,2002,427744,557678,0
franca,2002,0,0,0
grecia,2002,0,0,0
guiana_britanica,2002,0,0,0
india,2002,0,0,0
ira,2002,528875,368147,0
italia,2002,0,0,0
japao,2002,0,0,0
mexico,2002,0,0,0
paises_baixos,2002,0,0,0
paraguai,2002,0,0,0
peru,2002,0,0,0
portugal,2002,0,0,0
reino_unido,2002,0,0,0
suecia,2002,0,0,0
turquia,2002,987370,642681,0
uruguai,2002,75000,47250,0
uzbequistao,2002,0,0,0
venezuela,2002,0,0,0
nao_consta_na_tabela,2002,0,0,1
outros,2002,0,0,0
afeganistao,2003,0,0,0
africa_do_sul,2003,59000,96513,0
alemanha_republica_democratica,2003,0,0,0
arabia_saudita,2003,18000,16900,0
argentina,2003,6449180,5741921,0
australia,2003,0,0,0
belgica,2003,187450,141872,0
chile,2003,6011522,5283111,0
china,2003,0,0,0
china_continental,2003,0,0,0
cingapura,2003,0,0,0
costa_rica,2003,0,0,0
emirados,2003,271970,259971,0
egito,2003,0,0,0
espanha,2003,0,0,0
estados_unidos,2003,504069,767763,0
franca,2003,0,0,0
grecia,2003,0,0,0
guiana_britanica,2003,0,0,0
india,2003,0,0,0
ira,2003,592175,558656,0
italia,2003,0,0,0
japao,2003,0,0,0
mexico,2003,0,0,0
paises_baixos,2003,0,0,0
paraguai,2003,0,0,0
peru,2003,0,0,0
portugal,2003,0,0,0
reino_unido,2003,0,0,0
suecia,2003,0,0,0
turquia,2003,913290,669604,0
uruguai,2003,16800,17400,0
uzbequistao,2003,0,0,0
venezuela,2003,0,0,0
nao_consta_na_tabela,2003,0,0,1
outros,2003,0,0,0
afeganistao,2004,0,0,0
africa_do_sul,2004,0,0,0
alemanha_republica_democratica,2004,0,0,0
arabia_saudita,2004,0,0,0
argentina,2004,12287672,14106821,0
australia,2004,0,0,0
belgica,2004,41500,30416,0
chile,2004,933010,1200730,0
china,2004,0,0,0
china_continental,2004,0,0,0
cingapura,2004,0,0,0
costa_rica,2004,0,0,0
emirados,2004,329470,351485,0
egito,2004,0,0,0
espanha,2004,0,0,0
estados_unidos,2004,470966,748024,0
franca,2004,0,0,0
grecia,2004,0,0,0
guiana_britanica,2004,0,0,0
india,2004,0,0,0
ira,2004,929370,1001650,0
italia,2004,0,0,0
japao,2004,0,0,0
mexico,2004,0,0,0
paises_baixos,2004,0,0,0
paraguai,2004,0,0,0
peru,2004,0,0,0
portugal,2004,0,0,0
reino_unido,2004,0,0,0
suecia,2004,0,0,0
turquia,2004,1666888,1531208,0
uruguai,2004,0,0,0
uzbequistao,2004,0,0,0
venezuela,2004,0,0,0
nao_consta_na_tabela,2004,0,0,1
outros,2004,0,0,0
afeganistao,2005,0,0,0
africa_do_sul,2005,17940,23195,0
alemanha_republica_democratica,2005,0,0,0
arabia_saudita,2005,0,0,0
argentina,2005,10271403,12379126,0
australia,2005,0,0,0
belgica,2005,0,0,0
chile,2005,534750,735554,0
china,2005,0,0,0
china_continental,2005,0,0,0
cingapura,2005,0,0,0
costa_rica,2005,0,0,0
emirados,2005,489760,503598,0
egito,2005,0,0,0
espanha,2005,0,0,0
estados_unidos,2005,448370,966879,0
franca,2005,0,0,0
grecia,2005,0,0,0
guiana_britanica,2005,0,0,0
india,2005,0,0,0
ira,2005,893890,894899,0
italia,2005,0,0,0
japao,2005,0,0,0
mexico,2005,0,0,0
paises_baixos,2005,0,0,0
paraguai,2005,0,0,0
peru,2005,0,0,0
portugal,2005,0,0,0
reino_unido,2005,0,0,0
suecia,2005,0,0,0
turquia,2005,2914500,2704370,0
uruguai,2005,0,0,0
uzbequistao,2005,26000,18570,0
venezuela,2005,0,0,0
nao_consta_na_tabela,2005,0,0,1
outros,2005,0,0,0
afeganistao,2006,0,0,0
africa_do_sul,2006,19000,27050,0
alemanha_republica_democratica,2006,0,0,0
arabia_saudita,2006,0,0,0
argentina,2006,11555010,14810371,0
australia,2006,0,0,0
belgica,2006,0,0,0
chile,2006,3847300,4531374,0
china,2006,0,0,0
china_continental,2006,0,0,0
cingapura,2006,0,0,0
costa_rica,2006,0,0,0
emirados,2006,182745,236628,0
egito,2006,0,0,0
espanha,2006,0,0,0
estados_unidos,2006,493921,977964,0
franca,2006,0,0,0
grecia,2006,0,0,0
guiana_britanica,2006,0,0,0
india,2006,0,0,0
ira,2006,1337820,1726898,0
italia,2006,0,0,0
japao,2006,0,0,0
mexico,2006,0,0,0
paises_baixos,2006,0,0,0
paraguai,2006,0,0,0
peru,2006,0,0,0
portugal,2006,0,0,0
reino_unido,2006,0,0,0
suecia,2006,0,0,0
turquia,2006,2300140,2550285,0
uruguai,2006,0,0,0
uzbequistao,2006,40000,32135,0
venezuela,2006,0,0,0
nao_consta_na_tabela,2006,0,0,1
outros,2006,0,0,0
afeganistao,2007,0,0,0
africa_do_sul,2007,99500,215677,0
alemanha_republica_democratica,2007,0,0,0
arabia_saudita,2007,0,0,0
argentina,2007,15203133,19187668,0
australia,2007,0,0,0
belgica,2007,0,0,0
chile,2007,1239130,1415636,0
china,2007,0,0,0
china_continental,2007,148000,250669,0
cingapura,2007,0,0,0
costa_rica,2007,0,0,0
emirados,2007,0,0,0
egito,2007,0,0,0
espanha,2007,0,0,0
estados_unidos,2007,370796,780250,0
franca,2007,0,0,0
grecia,2007,0,0,0
guiana_britanica,2007,0,0,0
india,2007,0,0,0
ira,2007,1040345,1679789,0
italia,2007,2075,6600,0
japao,2007,0,0,0
mexico,2007,0,0,0
paises_baixos,2007,0,0,0
paraguai,2007,0,0,0
peru,2007,0,0,0
portugal,2007,0,0,0
reino_unido,2007,0,0,0
suecia,2007,0,0,0
turquia,2007,792250,911049,0
uruguai,2007,0,0,0
uzbequistao,2007,0,0,0
venezuela,2007,0,0,0
nao_consta_na_tabela,2007,0,0,1
outros,2007,0,0,0
afeganistao,2008,0,0,0
africa_do_sul,2008,641051,1032307,0
alemanha_republica_democratica,2008,0,0,0
arabia_saudita,2008,0,0,0
argentina,2008,15641645,26994373,0
australia,2008,0,0,0
belgica,2008,0,0,0
chile,2008,2075850,3697242,0
china,2008,0,0,0
china_continental,2008,0,0,0
cingapura,2008,0,0,0
costa_rica,2008,0,0,0
emirados,2008,124510,204910,0
egito,2008,0,0,0
espanha,2008,0,0,0
estados_unidos,2008,448157,923410,0
franca,2008,0,0,0
grecia,2008,0,0,0
guiana_britanica,2008,0,0,0
india,2008,0,0,0
ira,2008,1089540,1925865,0
italia,2008,1250,5491,0
japao,2008,0,0,0
mexico,2008,0,0,0
paises_baixos,2008,0,0,0
paraguai,2008,0,0,0
peru,2008,0,0,0
portugal,2008,0,0,0
reino_unido,2008,0,0,0
suecia,2008,0,0,0
turquia,2008,124100,188996,0
uruguai,2008,0,0,0
uzbequistao,2008,0,0,0
venezuela,2008,0,0,0
nao_consta_na_tabela,2008,0,0,1
outros,2008,0,0,0
afeganistao,2009,0,0,0
africa_do_sul,2009,195000,563360,0
alemanha_republica_democratica,2009,0,0,0
arabia_saudita,2009,0,0,0
argentina,2009,17209323,24106889,0
australia,2009,0,0,0
belgica,2009,0,0,0
chile,2009,4498510,6469816,0
china,2009,0,0,0
china_continental,2009,0,0,0
cingapura,2009,0,0,0
costa_rica,2009,0,0,0
emirados,2009,39000,94203,0
egito,2009,0,0,0
espanha,2009,0,0,0
estados_unidos,2009,347316,783086,0
franca,2009,0,0,0
grecia,2009,0,0,0
guiana_britanica,2009,0,0,0
india,2009,128000,270168,0
ira,2009,112460,191560,0
italia,2009,0,0,0
japao,2009,0,0,0
mexico,2009,0,0,0
paises_baixos,2009,0,0,0
paraguai,2009,0,0,0
peru,2009,0,0,0
portugal,2009,0,0,0
reino_unido,2009,0,0,0
suecia,2009,0,0,0
turquia,2009,126600,169075,0
uruguai,2009,0,0,0
uzbequistao,2009,0,0,0
venezuela,2009,0,0,0
nao_consta_na_tabela,2009,0,0,1
outros,2009,0,0,0
afeganistao,2010,18000,28050,0
africa_do_sul,2010,700846,2037012,0
alemanha_republica_democratica,2010,0,0,0
arabia_saudita,2010,0,0,0
argentina,2010,17279688,34499504,0
australia,2010,0,0,0
belgica,2010,0,0,0
chile,2010,814720,1660791,0
china,2010,0,0,0
china_continental,2010,19000,39520,0
cingapura,2010,0,0,0
costa_rica,2010,0,0,0
emirados,2010,20000,44949,0
egito,2010,0,0,0
espanha,2010,0,0,0
estados_unidos,2010,526225,1274258,0
franca,2010,0,0,0
grecia,2010,0,0,0
guiana_britanica,2010,0,0,0
india,2010,0,0,0
ira,2010,4112310,6968914,0
italia,2010,0,0,0
japao,2010,0,0,0
mexico,2010,0,0,0
paises_baixos,2010,0,0,0
paraguai,2010,0,0,0
peru,2010,0,0,0
portugal,2010,0,0,0
reino_unido,2010,0,0,0
suecia,2010,0,0,0
turquia,2010,2428575,4111212,0
uruguai,2010,0,0,0
uzbequistao,2010,0,0,0
venezuela,2010,0,0,0
nao_consta_na_tabela,2010,0,0,1
outros,2010,0,0,0
afeganistao,2011,400000,669059,0
africa_do_sul,2011,184250,596923,0
alemanha_republica_democratica,2011,0,0,0
arabia_saudita,2011,0,0,0
argentina,2011,20533473,43262321,0
australia,2011,0,0,0
belgica,2011,0,0,0
chile,2011,1127280,2614062,0
china,2011,0,0,0
china_continental,2011,19200,51100,0
cingapura,2011,38150,97572,0
costa_rica,2011,0,0,0
emirados,2011,35460,100631,0
egito,2011,0,0,0
espanha,2011,0,0,0
estados_unidos,2011,391515,1180759,0
franca,2011,0,0,0
grecia,2011,4095,25496,0
guiana_britanica,2011,0,0,0
india,2011,0,0,0
ira,2011,533570,1250450,0
italia,2011,10,39,0
japao,2011,0,0,0
mexico,2011,0,0,0
paises_baixos,2011,0,0,0
paraguai,2011,0,0,0
peru,2011,0,0,0
portugal,2011,13,59,0
reino_unido,2011,0,0,0
suecia,2011,0,0,0
turquia,2011,987310,1735466,0
uruguai,2011,0,0,0
uzbequistao,2011,40000,63483,0
venezuela,2011,0,0,0
nao_consta_na_tabela,2011,0,0,1
outros,2011,0,0,0
afeganistao,2012,0,0,0
africa_do_sul,2012,986750,3527083,0
alemanha_republica_democratica,2012,0,0,0
arabia_saudita,2012,0,0,0
argentina,2012,19728826,43648893,0
australia,2012,0,0,0
belgica,2012,0,0,0
chile,2012,2046530,5049441,0
china,2012,0,0,0
china_continental,2012,63000,216812,0
cingapura,2012,0,0,0
costa_rica,2012,0,0,0
emirados,2012,19000,70026,0
egito,2012,0,0,0
espanha,2012,0,0,0
estados_unidos,2012,512716,1619257,0
franca,2012,1474,12148,0
grecia,2012,0,0,0
guiana_britanica,2012,0,0,0
india,2012,166862,268758,0
ira,2012,306700,995038,0
italia,2012,0,0,0
japao,2012,0,0,0
mexico,2012,0,0,0
paises_baixos,2012,0,0,0
paraguai,2012,0,0,0
peru,2012,0,0,0
portugal,2012,0,0,0
reino_unido,2012,0,0,0
suecia,2012,0,0,0
turquia,2012,709785,1161161,0
uruguai,2012,0,0,0
uzbequistao,2012,71900,127883,0
venezuela,2012,0,0,0
nao_consta_na_tabela,2012,0,0,1
outros,2012,0,0,0
afeganistao,2013,18000,32600,0
africa_do_sul,2013,0,0,0
alemanha_republica_democratica,2013,0,0,0
arabia_saudita,2013,0,0,0
argentina,2013,20571302,47105230,0
australia,2013,0,0,0
belgica,2013,0,0,0
chile,2013,453310,1123963,0
china,2013,0,0,0
china_continental,2013,100027,193223,0
cingapura,2013,40000,77213,0
costa_rica,2013,0,0,0
emirados,2013,240800,442625,0
egito,2013,0,0,0
espanha,2013,0,0,0
estados_unidos,2013,538319,1622047,0
franca,2013,720,6016,0
grecia,2013,0,0,0
guiana_britanica,2013,0,0,0
india,2013,36000,64213,0
ira,2013,1415828,2617493,0
italia,2013,0,0,0
japao,2013,0,0,0
mexico,2013,0,0,0
paises_baixos,2013,0,0,0
paraguai,2013,0,0,0
peru,2013,0,0,0
portugal,2013,0,0,0
reino_unido,2013,0,0,0
suecia,2013,0,0,0
turquia,2013,0,0,0
uruguai,2013,0,0,0
uzbequistao,2013,0,0,0
venezuela,2013,0,0,0
nao_consta_na_tabela,2013,0,0,1
outros,2013,0,0,0
afeganistao,2014,456000,789790,0
africa_do_sul,2014,2220275,3507617,0
alemanha_republica_democratica,2014,0,0,0
arabia_saudita,2014,0,0,0
argentina,2014,14681136,34049473,0
australia,2014,0,0,0
belgica,2014,0,0,0
chile,2014,2615382,5771763,0
china,2014,0,0,0
china_continental,2014,98050,142328,0
cingapura,2014,0,0,0
costa_rica,2014,0,0,0
emirados,2014,100000,184835,0
egito,2014,0,0,0
espanha,2014,0,0,0
estados_unidos,2014,369887,1113398,0
franca,2014,1600,3368,0
grecia,2014,10000,24994,0
guiana_britanica,2014,0,0,0
india,2014,247000,377422,0
ira,2014,942500,1700379,0
italia,2014,0,0,0
japao,2014,0,0,0
mexico,2014,0,0,0
paises_baixos,2014,0,0,0
paraguai,2014,0,0,0
peru,2014,0,0,0
portugal,2014,0,0,0
reino_unido,2014,10,170,0
suecia,2014,0,0,0
turquia,2014,1981070,3507617,0
uruguai,2014,0,0,0
uzbequistao,2014,0,0,0
venezuela,2014,0,0,0
nao_consta_na_tabela,2014,0,0,1
outros,2014,0,0,0
afeganistao,2015,125000,179545,0
africa_do_sul,2015,1418063,3278109,0
alemanha_republica_democratica,2015,0,0,0
arabia_saudita,2015,0,0,0
argentina,2015,20905602,32341307,0
australia,2015,0,0,0
belgica,2015,0,0,0
chile,2015,747700,1522661,0
china,2015,0,0,0
china_continental,2015,0,0,0
cingapura,2015,0,0,0
costa_rica,2015,0,0,0
emirados,2015,40000,95856,0
egito,2015,0,0,0
espanha,2015,0,0,0
estados_unidos,2015,350138,1034494,0
franca,2015,658,4705,0
grecia,2015,0,0,0
guiana_britanica,2015,0,0,0
india,2015,57000,60717,0
ira,2015,184500,418722,0
italia,2015,0,0,0
japao,2015,0,0,0
mexico,2015,0,0,0
paises_baixos,2015,0,0,0
paraguai,2015,0,0,0
peru,2015,0,0,0
portugal,2015,250,445,0
reino_unido,2015,25,426,0
suecia,2015,0,0,0
turquia,2015,1006000,1666760,0
uruguai,2015,0,0,0
uzbequistao,2015,0,0,0
venezuela,2015,0,0,0
nao_consta_na_tabela,2015,0,0,1
outros,2015,0,0,0
afeganistao,2016,0,0,0
africa_do_sul,2016,617500,1487082,0
alemanha_republica_democratica,2016,0,0,0
arabia_saudita,2016,0,0,0
argentina,2016,23280908,34643821,0
australia,2016,0,0,0
belgica,2016,0,0,0
chile,2016,365670,613554,0
china,2016,0,0,0
china_continental,2016,0,0,0
cingapura,2016,0,0,0
costa_rica,2016,0,0,0
emirados,2016,0,0,0
egito,2016,0,0,0
espanha,2016,0,0,0
estados_unidos,2016,236134,636045,0
franca,2016,0,0,0
grecia,2016,4000,9248,0
guiana_britanica,2016,0,0,0
india,2016,162000,346815,0
ira,2016,493000,1113453,0
italia,2016,0,0,0
japao,2016,0,0,0
mexico,2016,0,0,0
paises_baixos,2016,0,0,0
paraguai,2016,0,0,0
peru,2016,0,0,0
portugal,2016,0,0,0
reino_unido,2016,21,402,0
suecia,2016,0,0,0
turquia,2016,2386092,3162573,0
uruguai,2016,0,0,0
uzbequistao,2016,0,0,0
venezuela,2016,0,0,0
nao_consta_na_tabela,2016,0,0,1
outros,2016,0,0,0
afeganistao,2017,0,0,0
africa_do_sul,2017,370500,942442,0
alemanha_republica_democratica,2017,0,0,0
arabia_saudita,2017,0,0,0
argentina,2017,19742996,34422405,0
australia,2017,0,0,0
belgica,2017,0,0,0
chile,2017,483305,971604,0
china,2017,0,0,0
china_continental,2017,53000,65028,0
cingapura,2017,0,0,0
costa_rica,2017,0,0,0
emirados,2017,0,0,0
egito,2017,0,0,0
espanha,2017,0,0,0
estados_unidos,2017,257670,671036,0
franca,2017,0,0,0
grecia,2017,1950,4287,0
guiana_britanica,2017,0,0,0
india,2017,397130,476398,0
ira,2017,1194500,1975882,0
italia,2017,0,0,0
japao,2017,0,0,0
mexico,2017,0,0,0
paises_baixos,2017,0,0,0
paraguai,2017,0,0,0
peru,2017,10,10,0
portugal,2017,0,0,0
reino_unido,2017,66,1494,0
suecia,2017,0,0,0
turquia,2017,2834805,4001169,0
uruguai,2017,0,0,0
uzbequistao,2017,0,0,0
venezuela,2017,0,0,0
nao_consta_na_tabela,2017,0,0,1
outros,2017,0,0,0
afeganistao,2018,0,0,0
africa_do_sul,2018,1089700,3106052,0
alemanha_republica_democratica,2018,0,0,0
arabia_saudita,2018,0,0,0
argentina,2018,23564519,43501396,0
australia,2018,0,0,0
belgica,2018,0,0,0
chile,2018,127231,290772,0
china,2018,0,0,0
china_continental,2018,224165,279253,0
cingapura,2018,0,0,0
costa_rica,2018,0,0,0
emirados,2018,0,0,0
egito,2018,0,0,0
espanha,2018,0,0,0
estados_unidos,2018,42859,244215,0
franca,2018,0,0,0
grecia,2018,1600,5156,0
guiana_britanica,2018,0,0,0
india,2018,736700,1007031,0
ira,2018,340000,817941,0
italia,2018,0,0,0
japao,2018,0,0,0
mexico,2018,0,0,0
paises_baixos,2018,0,0,0
paraguai,2018,0,0,0
peru,2018,0,0,0
portugal,2018,0,0,0
reino_unido,2018,20,461,0
suecia,2018,0,0,0
turquia,2018,262616,494370,0
uruguai,2018,0,0,0
uzbequistao,2018,0,0,0
venezuela,2018,0,0,0
nao_consta_na_tabela,2018,0,0,1
outros,2018,0,0,0
afeganistao,2019,40000,65452,0
africa_do_sul,2019,270875,763921,0
alemanha_republica_democratica,2019,0,0,0
arabia_saudita,2019,0,0,0
argentina,2019,24135143,48810789,0
australia,2019,0,0,0
belgica,2019,0,0,0
chile,2019,384437,1096176,0
china,2019,0,0,0
china_continental,2019,934000,1352954,0
cingapura,2019,0,0,0
costa_rica,2019,0,0,0
emirados,2019,0,0,0
egito,2019,0,0,0
espanha,2019,1,24,0
estados_unidos,2019,90132,345044,0
franca,2019,0,0,0
grecia,2019,0,0,0
guiana_britanica,2019,0,0,0
india,2019,481000,677056,0
ira,2019,646000,1369316,0
italia,2019,0,0,0
japao,2019,0,0,0
mexico,2019,0,0,0
paises_baixos,2019,0,0,0
paraguai,2019,0,0,0
peru,2019,0,0,0
portugal,2019,0,2,0
reino_unido,2019,11,209,0
suecia,2019,0,0,0
turquia,2019,427590,865709,0
uruguai,2019,0,0,0
uzbequistao,2019,399630,624285,0
venezuela,2019,0,0,0
nao_consta_na_tabela,2019,0,0,1
outros,2019,0,0,0
afeganistao,2020,0,0,0
africa_do_sul,2020,616688,1433381,0
alemanha_republica_democratica,2020,0,0,0
arabia_saudita,2020,0,0,0
argentina,2020,24992502,36743996,0
australia,2020,0,0,0
belgica,2020,0,0,0
chile,2020,286774,567197,0
china,2020,172000,178472,0
china_continental,2020,0,0,0
cingapura,2020,0,0,0
costa_rica,2020,0,0,0
emirados,2020,0,0,0
egito,2020,0,0,0
espanha,2020,0,0,0
estados_unidos,2020,105360,266627,0
franca,2020,0,0,0
grecia,2020,0,0,0
guiana_britanica,2020,0,0,0
india,2020,883000,813317,0
ira,2020,435600,927189,0
italia,2020,0,0,0
japao,2020,0,0,0
mexico,2020,0,0,0
paises_baixos,2020,0,0,0
paraguai,2020,0,0,0
peru,2020,0,0,0
portugal,2020,0,0,0
reino_unido,2020,0,0,0
suecia,2020,0,0,0
turquia,2020,607780,1210554,0
uruguai,2020,25000,35866,0
uzbequistao,2020,397030,450389,0
venezuela,2020,0,0,0
nao_consta_na_tabela,2020,0,0,1
outros,2020,0,0,0
afeganistao,2021,0,484,0
africa_do_sul,2021,327000,531327,0
alemanha_republica_democratica,2021,0,0,0
arabia_saudita,2021,0,0,0
argentina,2021,24015825,33337604,0
australia,2021,0,0,0
belgica,2021,0,0,0
chile,2021,225630,462855,0
china,2021,110,76,0
china_continental,2021,0,0,0
cingapura,2021,0,0,0
costa_rica,2021,0,0,0
emirados,2021,0,0,0
egito,2021,0,0,0
espanha,2021,0,0,0
estados_unidos,2021,109043,325880,0
franca,2021,0,0,0
grecia,2021,0,0,0
guiana_britanica,2021,0,0,0
india,2021,577250,504532,0
ira,2021,514700,843794,0
italia,2021,0,0,0
japao,2021,0,0,0
mexico,2021,0,0,0
paises_baixos,2021,0,0,0
paraguai,2021,0,0,0
peru,2021,0,0,0
portugal,2021,0,0,0
reino_unido,2021,0,0,0
suecia,2021,0,0,0
turquia,2021,186000,311165,0
uruguai,2021,0,0,0
uzbequistao,2021,0,0,0
venezuela,2021,0,0,0
nao_consta_na_tabela,2021,0,0,1
outros,2021,0,0,0
afeganistao,2022,0,0,0
africa_do_sul,2022,657826,1266633,0
alemanha_republica_democratica,2022,0,0,0
arabia_saudita,2022,0,0,0
argentina,2022,20829418,35659325,0
australia,2022,0,0,0
belgica,2022,0,0,0
chile,2022,3584100,5524707,0
china,2022,0,0,0
china_continental,2022,0,0,0
cingapura,2022,0,0,0
costa_rica,2022,49000,95550,0
emirados,2022,0,0,0
egito,2022,0,0,0
espanha,2022,0,0,0
estados_unidos,2022,115517,380380,0
franca,2022,0,0,0
grecia,2022,0,0,0
guiana_britanica,2022,0,0,0
india,2022,2767840,2568914,0
ira,2022,403000,948438,0
italia,2022,0,0,0
japao,2022,0,0,0
mexico,2022,0,0,0
paises_baixos,2022,0,0,0
paraguai,2022,0,0,0
peru,2022,0,0,0
portugal,2022,0,0,0
reino_unido,2022,0,0,0
suecia,2022,0,0,0
turquia,2022,1477000,2602207,0
uruguai,2022,0,0,0
uzbequistao,2022,132000,165492,0
venezuela,2022,0,0,0
nao_consta_na_tabela,2022,0,0,1
outros,2022,0,0,0
afeganistao,2023,0,0,0
africa_do_sul,2023,151500,397825,0
alemanha_republica_democratica,2023,0,0,0
arabia_saudita,2023,0,0,0
argentina,2023,19758017,36404746,0
australia,2023,0,0,0
belgica,2023,0,0,0
chile,2023,4411180,7107544,0
china,2023,72000,111390,0
china_continental,2023,0,0,0
cingapura,2023,0,0,0
costa_rica,2023,0,0,0
emirados,2023,0,0,0
egito,2023,0,0,0
espanha,2023,0,0,0
estados_unidos,2023,7578,58262,0
franca,2023,0,0,0
grecia,2023,0,0,0
guiana_britanica,2023,0,0,0
india,2023,1293900,1379545,0
ira,2023,786500,1832934,0
italia,2023,0,0,0
japao,2023,0,0,0
mexico,2023,0,0,0
paises_baixos,2023,0,0,0
paraguai,2023,0,0,0
peru,2023,25000,40630,0
portugal,2023,0,0,0
reino_unido,2023,0,0,0
suecia,2023,0,0,0
turquia,2023,2621500,4152236,0
uruguai,2023,0,0,0
uzbequistao,2023,2045600,2433719,0
venezuela,2023,0,0,0
nao_consta_na_tabela,2023,0,0,1
outros,2023,0,0,0
afeganistao,2024,0,0,0
africa_do_sul,2024,311500,885384,0
alemanha_republica_democratica,2024,0,0,0
arabia_saudita,2024,0,0,0
argentina,2024,24315391,48952314,0
australia,2024,0,0,0
belgica,2024,0,0,0
chile,2024,1167678,2255454,0
china,2024,183000,295638,0
china_continental,2024,0,0,0
cingapura,2024,0,0,0
costa_rica,2024,0,0,0
emirados,2024,0,0,0
egito,2024,23200,32977,0
espanha,2024,0,0,0
estados_unidos,2024,6538,50133,0
franca,2024,0,0,0
grecia,2024,0,0,0
guiana_britanica,2024,0,0,0
india,2024,1314498,1822893,0
ira,2024,1253000,3400302,0
italia,2024,0,0,0
japao,2024,0,0,0
mexico,2024,100000,183960,0
paises_baixos,2024,0,0,0
paraguai,2024,0,0,0
peru,2024,115000,176616,0
portugal,2024,0,0,0
reino_unido,2024,0,0,0
suecia,2024,0,0,0
turquia,2024,129025,319659,0
uruguai,2024,0,0,0
uzbequistao,2024,2279000,3221519,0
venezuela,2024,0,0,0
nao_consta_na_tabela,2024,0,0,1
outros,2024,0,0,0
